mission_time,timestamp,track_id,type,range_m,azimuth_deg,elevation_deg,velocity_x_mps,velocity_y_mps,velocity_z_mps,confidence,threat_priority
3.0070459842681885,1764505805.206472,1000,UAV,672.0,120,10.0,-5.0,-20.0,0.0,0.7999999999999999,0.14909918083152796
3.1121490001678467,1764505805.311575,1000,UAV,672.0,120,10.0,-5.0,-20.0,0.0,0.7999999999999999,0.14909918083152796
3.2140979766845703,1764505805.413524,1000,UAV,672.0,120,10.0,-5.0,-20.0,0.0,0.7999999999999999,0.14909918083152796
3.317584991455078,1764505805.517011,1000,UAV,672.0,120,10.0,-5.0,-20.0,0.0,0.7999999999999999,0.14909918083152796
3.4226629734039307,1764505805.622089,1000,UAV,672.0,120,10.0,-5.0,-20.0,0.0,0.7999999999999999,0.14909918083152796
3.5277600288391113,1764505805.727186,1000,UAV,672.0,120,10.0,-5.0,-20.0,0.0,0.7999999999999999,0.14909918083152796
3.631037950515747,1764505805.830464,1000,UAV,672.0,120,10.0,-5.0,-20.0,0.0,0.7999999999999999,0.14909918083152796
3.7345380783081055,1764505805.933964,1000,UAV,672.0,120,10.0,-5.0,-20.0,0.0,0.7999999999999999,0.14909918083152796
3.8396401405334473,1764505806.039066,1000,UAV,672.0,120,10.0,-5.0,-20.0,0.0,0.7999999999999999,0.14909918083152796
3.9415640830993652,1764505806.14099,1000,UAV,672.0,120,10.0,-5.0,-20.0,0.0,0.7999999999999999,0.14909918083152796
4.046084880828857,1764505806.2455108,1000,UAV,672.0,120,10.0,-5.0,-20.0,0.0,0.7999999999999999,0.14909918083152796
4.147775173187256,1764505806.347201,1000,UAV,672.0,120,10.0,-5.0,-20.0,0.0,0.7999999999999999,0.14909918083152796
4.248558282852173,1764505806.4479842,1000,UAV,672.0,120,10.0,-5.0,-20.0,0.0,0.7999999999999999,0.14909918083152796
4.353665113449097,1764505806.553091,1000,UAV,672.0,120,10.0,-5.0,-20.0,0.0,0.7999999999999999,0.14909918083152796
4.454771995544434,1764505806.654198,1000,UAV,672.0,120,10.0,-5.0,-20.0,0.0,0.7999999999999999,0.14909918083152796
4.555160999298096,1764505806.754587,1000,UAV,672.0,120,10.0,-5.0,-20.0,0.0,0.7999999999999999,0.14909918083152796
4.655448913574219,1764505806.8548748,1000,UAV,672.0,120,10.0,-5.0,-20.0,0.0,0.7999999999999999,0.14909918083152796
4.755665063858032,1764505806.955091,1000,UAV,672.0,120,10.0,-5.0,-20.0,0.0,0.7999999999999999,0.14909918083152796
4.860754013061523,1764505807.06018,1000,UAV,672.0,120,10.0,-5.0,-20.0,0.0,0.7999999999999999,0.14909918083152796
4.964003086090088,1764505807.163429,1000,UAV,672.0,120,10.0,-5.0,-20.0,0.0,0.7999999999999999,0.14909918083152796
5.067592144012451,1764505807.267018,1000,UAV,672.0,120,10.0,-5.0,-20.0,0.0,0.7999999999999999,0.14909918083152796
5.172698974609375,1764505807.372125,1000,UAV,672.0,120,10.0,-5.0,-20.0,0.0,0.7999999999999999,0.14909918083152796
5.274404048919678,1764505807.47383,1000,UAV,672.0,120,10.0,-5.0,-20.0,0.0,0.7999999999999999,0.14909918083152796
5.379593133926392,1764505807.579019,1000,UAV,672.0,120,10.0,-5.0,-20.0,0.0,0.7999999999999999,0.14909918083152796
5.484469175338745,1764505807.683895,1000,UAV,672.0,120,10.0,-5.0,-20.0,0.0,0.7999999999999999,0.14909918083152796
5.584940195083618,1764505807.7843661,1000,UAV,672.0,120,10.0,-5.0,-20.0,0.0,0.7999999999999999,0.14909918083152796
5.687133073806763,1764505807.886559,1000,UAV,672.0,120,10.0,-5.0,-20.0,0.0,0.7999999999999999,0.14909918083152796
5.792248249053955,1764505807.9916742,1000,UAV,672.0,120,10.0,-5.0,-20.0,0.0,0.7999999999999999,0.14909918083152796
5.896064043045044,1764505808.09549,1000,UAV,672.0,120,10.0,-5.0,-20.0,0.0,0.7999999999999999,0.14909918083152796
5.998255014419556,1764505808.197681,1000,UAV,672.0,120,10.0,-5.0,-20.0,0.0,0.7999999999999999,0.14909918083152796
6.10341215133667,1764505808.302838,1000,UAV,672.0,120,10.0,-5.0,-20.0,0.0,0.7999999999999999,0.14909918083152796
6.10341215133667,1764505808.302838,1001,UAV,719.599999999997,150,11.0,-4.0,-21.0,0.0,0.8999999999999999,0.14891784280812917
6.208487033843994,1764505808.407913,1000,UAV,672.0,120,10.0,-5.0,-20.0,0.0,0.7999999999999999,0.14909918083152796
6.208487033843994,1764505808.407913,1001,UAV,719.599999999997,150,11.0,-4.0,-21.0,0.0,0.8999999999999999,0.14891784280812917
6.3136420249938965,1764505808.513068,1000,UAV,672.0,120,10.0,-5.0,-20.0,0.0,0.7999999999999999,0.14909918083152796
6.3136420249938965,1764505808.513068,1001,UAV,719.599999999997,150,11.0,-4.0,-21.0,0.0,0.8999999999999999,0.14891784280812917
6.418108940124512,1764505808.6175349,1000,UAV,672.0,120,10.0,-5.0,-20.0,0.0,0.7999999999999999,0.14909918083152796
6.418108940124512,1764505808.6175349,1001,UAV,719.599999999997,150,11.0,-4.0,-21.0,0.0,0.8999999999999999,0.14891784280812917
6.5224480628967285,1764505808.721874,1000,UAV,672.0,120,10.0,-5.0,-20.0,0.0,0.7999999999999999,0.14909918083152796
6.5224480628967285,1764505808.721874,1001,UAV,719.599999999997,150,11.0,-4.0,-21.0,0.0,0.8999999999999999,0.14891784280812917
6.62675404548645,1764505808.82618,1000,UAV,672.0,120,10.0,-5.0,-20.0,0.0,0.7999999999999999,0.14909918083152796
6.62675404548645,1764505808.82618,1001,UAV,719.599999999997,150,11.0,-4.0,-21.0,0.0,0.8999999999999999,0.14891784280812917
6.729372024536133,1764505808.928798,1000,UAV,672.0,120,10.0,-5.0,-20.0,0.0,0.7999999999999999,0.14909918083152796
6.729372024536133,1764505808.928798,1001,UAV,719.599999999997,150,11.0,-4.0,-21.0,0.0,0.8999999999999999,0.14891784280812917
6.8344831466674805,1764505809.033909,1000,UAV,672.0,120,10.0,-5.0,-20.0,0.0,0.7999999999999999,0.14909918083152796
6.8344831466674805,1764505809.033909,1001,UAV,719.599999999997,150,11.0,-4.0,-21.0,0.0,0.8999999999999999,0.14891784280812917
6.9395880699157715,1764505809.139014,1000,UAV,672.0,120,10.0,-5.0,-20.0,0.0,0.7999999999999999,0.14909918083152796
6.9395880699157715,1764505809.139014,1001,UAV,719.599999999997,150,11.0,-4.0,-21.0,0.0,0.8999999999999999,0.14891784280812917
7.04467511177063,1764505809.244101,1000,UAV,672.0,120,10.0,-5.0,-20.0,0.0,0.7999999999999999,0.14909918083152796
7.04467511177063,1764505809.244101,1001,UAV,719.599999999997,150,11.0,-4.0,-21.0,0.0,0.8999999999999999,0.14891784280812917
7.149749040603638,1764505809.349175,1000,UAV,672.0,120,10.0,-5.0,-20.0,0.0,0.7999999999999999,0.14909918083152796
7.149749040603638,1764505809.349175,1001,UAV,719.599999999997,150,11.0,-4.0,-21.0,0.0,0.8999999999999999,0.14891784280812917
7.249962091445923,1764505809.449388,1000,UAV,672.0,120,10.0,-5.0,-20.0,0.0,0.7999999999999999,0.14909918083152796
7.249962091445923,1764505809.449388,1001,UAV,719.599999999997,150,11.0,-4.0,-21.0,0.0,0.8999999999999999,0.14891784280812917
7.351067066192627,1764505809.550493,1000,UAV,672.0,120,10.0,-5.0,-20.0,0.0,0.7999999999999999,0.14909918083152796
7.351067066192627,1764505809.550493,1001,UAV,719.599999999997,150,11.0,-4.0,-21.0,0.0,0.8999999999999999,0.14891784280812917
7.455466032028198,1764505809.654892,1000,UAV,672.0,120,10.0,-5.0,-20.0,0.0,0.7999999999999999,0.14909918083152796
7.455466032028198,1764505809.654892,1001,UAV,719.599999999997,150,11.0,-4.0,-21.0,0.0,0.8999999999999999,0.14891784280812917
7.55620002746582,1764505809.755626,1000,UAV,672.0,120,10.0,-5.0,-20.0,0.0,0.7999999999999999,0.14909918083152796
7.55620002746582,1764505809.755626,1001,UAV,719.599999999997,150,11.0,-4.0,-21.0,0.0,0.8999999999999999,0.14891784280812917
7.661298036575317,1764505809.860724,1000,UAV,672.0,120,10.0,-5.0,-20.0,0.0,0.7999999999999999,0.14909918083152796
7.661298036575317,1764505809.860724,1001,UAV,719.599999999997,150,11.0,-4.0,-21.0,0.0,0.8999999999999999,0.14891784280812917
7.764607191085815,1764505809.9640331,1000,UAV,672.0,120,10.0,-5.0,-20.0,0.0,0.7999999999999999,0.14909918083152796
7.764607191085815,1764505809.9640331,1001,UAV,719.599999999997,150,11.0,-4.0,-21.0,0.0,0.8999999999999999,0.14891784280812917
7.868963241577148,1764505810.0683892,1000,UAV,672.0,120,10.0,-5.0,-20.0,0.0,0.7999999999999999,0.14909918083152796
7.868963241577148,1764505810.0683892,1001,UAV,719.599999999997,150,11.0,-4.0,-21.0,0.0,0.8999999999999999,0.14891784280812917
7.974072217941284,1764505810.1734982,1000,UAV,672.0,120,10.0,-5.0,-20.0,0.0,0.7999999999999999,0.14909918083152796
7.974072217941284,1764505810.1734982,1001,UAV,719.599999999997,150,11.0,-4.0,-21.0,0.0,0.8999999999999999,0.14891784280812917
8.079222202301025,1764505810.2786481,1000,UAV,672.0,120,10.0,-5.0,-20.0,0.0,0.7999999999999999,0.14909918083152796
8.079222202301025,1764505810.2786481,1001,UAV,719.599999999997,150,11.0,-4.0,-21.0,0.0,0.8999999999999999,0.14891784280812917
8.179913997650146,1764505810.37934,1000,UAV,672.0,120,10.0,-5.0,-20.0,0.0,0.7999999999999999,0.14909918083152796
8.179913997650146,1764505810.37934,1001,UAV,719.599999999997,150,11.0,-4.0,-21.0,0.0,0.8999999999999999,0.14891784280812917
8.284860134124756,1764505810.484286,1000,UAV,672.0,120,10.0,-5.0,-20.0,0.0,0.7999999999999999,0.14909918083152796
8.284860134124756,1764505810.484286,1001,UAV,719.599999999997,150,11.0,-4.0,-21.0,0.0,0.8999999999999999,0.14891784280812917
8.389942169189453,1764505810.589368,1000,UAV,672.0,120,10.0,-5.0,-20.0,0.0,0.7999999999999999,0.14909918083152796
8.389942169189453,1764505810.589368,1001,UAV,719.599999999997,150,11.0,-4.0,-21.0,0.0,0.8999999999999999,0.14891784280812917
8.49074411392212,1764505810.69017,1000,UAV,672.0,120,10.0,-5.0,-20.0,0.0,0.7999999999999999,0.14909918083152796
8.49074411392212,1764505810.69017,1001,UAV,719.599999999997,150,11.0,-4.0,-21.0,0.0,0.8999999999999999,0.14891784280812917
8.595831155776978,1764505810.795257,1000,UAV,672.0,120,10.0,-5.0,-20.0,0.0,0.7999999999999999,0.14909918083152796
8.595831155776978,1764505810.795257,1001,UAV,719.599999999997,150,11.0,-4.0,-21.0,0.0,0.8999999999999999,0.14891784280812917
8.698256969451904,1764505810.897683,1000,UAV,672.0,120,10.0,-5.0,-20.0,0.0,0.7999999999999999,0.14909918083152796
8.698256969451904,1764505810.897683,1001,UAV,719.599999999997,150,11.0,-4.0,-21.0,0.0,0.8999999999999999,0.14891784280812917
8.803339004516602,1764505811.002765,1000,UAV,672.0,120,10.0,-5.0,-20.0,0.0,0.7999999999999999,0.14909918083152796
8.803339004516602,1764505811.002765,1001,UAV,719.599999999997,150,11.0,-4.0,-21.0,0.0,0.8999999999999999,0.14891784280812917
8.908436059951782,1764505811.107862,1000,UAV,672.0,120,10.0,-5.0,-20.0,0.0,0.7999999999999999,0.14909918083152796
8.908436059951782,1764505811.107862,1001,UAV,719.599999999997,150,11.0,-4.0,-21.0,0.0,0.8999999999999999,0.14891784280812917
9.013944149017334,1764505811.21337,1000,UAV,672.0,120,10.0,-5.0,-20.0,0.0,0.7999999999999999,0.14909918083152796
9.013944149017334,1764505811.21337,1001,UAV,719.599999999997,150,11.0,-4.0,-21.0,0.0,0.8999999999999999,0.14891784280812917
9.118067979812622,1764505811.317494,1000,UAV,672.0,120,10.0,-5.0,-20.0,0.0,0.7999999999999999,0.14909918083152796
9.118067979812622,1764505811.317494,1001,UAV,719.599999999997,150,11.0,-4.0,-21.0,0.0,0.8999999999999999,0.14891784280812917
9.2225182056427,1764505811.4219441,1000,UAV,672.0,120,10.0,-5.0,-20.0,0.0,0.7999999999999999,0.14909918083152796
9.2225182056427,1764505811.4219441,1001,UAV,719.599999999997,150,11.0,-4.0,-21.0,0.0,0.8999999999999999,0.14891784280812917
9.2225182056427,1764505811.4219441,1002,UNKNOWN,773.1999999999953,180,12.0,-3.0,-22.0,0.0,0.7,0.10129938448167329
9.324418067932129,1764505811.523844,1000,UAV,672.0,120,10.0,-5.0,-20.0,0.0,0.7999999999999999,0.14909918083152796
9.324418067932129,1764505811.523844,1001,UAV,719.599999999997,150,11.0,-4.0,-21.0,0.0,0.8999999999999999,0.14891784280812917
9.324418067932129,1764505811.523844,1002,UNKNOWN,773.1999999999953,180,12.0,-3.0,-22.0,0.0,0.7,0.10129938448167329
9.426915168762207,1764505811.626341,1000,UAV,672.0,120,10.0,-5.0,-20.0,0.0,0.7999999999999999,0.14909918083152796
9.426915168762207,1764505811.626341,1001,UAV,719.599999999997,150,11.0,-4.0,-21.0,0.0,0.8999999999999999,0.14891784280812917
9.426915168762207,1764505811.626341,1002,UNKNOWN,773.1999999999953,180,12.0,-3.0,-22.0,0.0,0.7,0.10129938448167329
9.532124042510986,1764505811.73155,1000,UAV,672.0,120,10.0,-5.0,-20.0,0.0,0.7999999999999999,0.14909918083152796
9.532124042510986,1764505811.73155,1001,UAV,719.599999999997,150,11.0,-4.0,-21.0,0.0,0.8999999999999999,0.14891784280812917
9.532124042510986,1764505811.73155,1002,UNKNOWN,773.1999999999953,180,12.0,-3.0,-22.0,0.0,0.7,0.10129938448167329
9.634330987930298,1764505811.833757,1000,UAV,672.0,120,10.0,-5.0,-20.0,0.0,0.7999999999999999,0.14909918083152796
9.634330987930298,1764505811.833757,1001,UAV,719.599999999997,150,11.0,-4.0,-21.0,0.0,0.8999999999999999,0.14891784280812917
9.634330987930298,1764505811.833757,1002,UNKNOWN,773.1999999999953,180,12.0,-3.0,-22.0,0.0,0.7,0.10129938448167329
9.735478162765503,1764505811.934904,1000,UAV,672.0,120,10.0,-5.0,-20.0,0.0,0.7999999999999999,0.14909918083152796
9.735478162765503,1764505811.934904,1001,UAV,719.599999999997,150,11.0,-4.0,-21.0,0.0,0.8999999999999999,0.14891784280812917
9.735478162765503,1764505811.934904,1002,UNKNOWN,773.1999999999953,180,12.0,-3.0,-22.0,0.0,0.7,0.10129938448167329
9.840579986572266,1764505812.040006,1000,UAV,672.0,120,10.0,-5.0,-20.0,0.0,0.7999999999999999,0.14909918083152796
9.840579986572266,1764505812.040006,1001,UAV,719.599999999997,150,11.0,-4.0,-21.0,0.0,0.8999999999999999,0.14891784280812917
9.840579986572266,1764505812.040006,1002,UNKNOWN,773.1999999999953,180,12.0,-3.0,-22.0,0.0,0.7,0.10129938448167329
9.945696115493774,1764505812.145122,1000,UAV,672.0,120,10.0,-5.0,-20.0,0.0,0.7999999999999999,0.14909918083152796
9.945696115493774,1764505812.145122,1001,UAV,719.599999999997,150,11.0,-4.0,-21.0,0.0,0.8999999999999999,0.14891784280812917
9.945696115493774,1764505812.145122,1002,UNKNOWN,773.1999999999953,180,12.0,-3.0,-22.0,0.0,0.7,0.10129938448167329
10.046194076538086,1764505812.24562,1000,UAV,672.0,120,10.0,-5.0,-20.0,0.0,0.7999999999999999,0.14909918083152796
10.046194076538086,1764505812.24562,1001,UAV,719.599999999997,150,11.0,-4.0,-21.0,0.0,0.8999999999999999,0.14891784280812917
10.046194076538086,1764505812.24562,1002,UNKNOWN,773.1999999999953,180,12.0,-3.0,-22.0,0.0,0.7,0.10129938448167329
10.15067195892334,1764505812.350098,1000,UAV,672.0,120,10.0,-5.0,-20.0,0.0,0.7999999999999999,0.14909918083152796
10.15067195892334,1764505812.350098,1001,UAV,719.599999999997,150,11.0,-4.0,-21.0,0.0,0.8999999999999999,0.14891784280812917
10.15067195892334,1764505812.350098,1002,UNKNOWN,773.1999999999953,180,12.0,-3.0,-22.0,0.0,0.7,0.10129938448167329
10.25394320487976,1764505812.4533691,1000,UAV,672.0,120,10.0,-5.0,-20.0,0.0,0.7999999999999999,0.14909918083152796
10.25394320487976,1764505812.4533691,1001,UAV,719.599999999997,150,11.0,-4.0,-21.0,0.0,0.8999999999999999,0.14891784280812917
10.25394320487976,1764505812.4533691,1002,UNKNOWN,773.1999999999953,180,12.0,-3.0,-22.0,0.0,0.7,0.10129938448167329
10.354269027709961,1764505812.553695,1000,UAV,672.0,120,10.0,-5.0,-20.0,0.0,0.7999999999999999,0.14909918083152796
10.354269027709961,1764505812.553695,1001,UAV,719.599999999997,150,11.0,-4.0,-21.0,0.0,0.8999999999999999,0.14891784280812917
10.354269027709961,1764505812.553695,1002,UNKNOWN,773.1999999999953,180,12.0,-3.0,-22.0,0.0,0.7,0.10129938448167329
10.455186128616333,1764505812.654612,1000,UAV,672.0,120,10.0,-5.0,-20.0,0.0,0.7999999999999999,0.14909918083152796
10.455186128616333,1764505812.654612,1001,UAV,719.599999999997,150,11.0,-4.0,-21.0,0.0,0.8999999999999999,0.14891784280812917
10.455186128616333,1764505812.654612,1002,UNKNOWN,773.1999999999953,180,12.0,-3.0,-22.0,0.0,0.7,0.10129938448167329
10.555481910705566,1764505812.7549078,1000,UAV,672.0,120,10.0,-5.0,-20.0,0.0,0.7999999999999999,0.14909918083152796
10.555481910705566,1764505812.7549078,1001,UAV,719.599999999997,150,11.0,-4.0,-21.0,0.0,0.8999999999999999,0.14891784280812917
10.555481910705566,1764505812.7549078,1002,UNKNOWN,773.1999999999953,180,12.0,-3.0,-22.0,0.0,0.7,0.10129938448167329
10.660585165023804,1764505812.860011,1000,UAV,672.0,120,10.0,-5.0,-20.0,0.0,0.7999999999999999,0.14909918083152796
10.660585165023804,1764505812.860011,1001,UAV,719.599999999997,150,11.0,-4.0,-21.0,0.0,0.8999999999999999,0.14891784280812917
10.660585165023804,1764505812.860011,1002,UNKNOWN,773.1999999999953,180,12.0,-3.0,-22.0,0.0,0.7,0.10129938448167329
10.765691041946411,1764505812.965117,1000,UAV,672.0,120,10.0,-5.0,-20.0,0.0,0.7999999999999999,0.14909918083152796
10.765691041946411,1764505812.965117,1001,UAV,719.599999999997,150,11.0,-4.0,-21.0,0.0,0.8999999999999999,0.14891784280812917
10.765691041946411,1764505812.965117,1002,UNKNOWN,773.1999999999953,180,12.0,-3.0,-22.0,0.0,0.7,0.10129938448167329
10.87079906463623,1764505813.070225,1000,UAV,672.0,120,10.0,-5.0,-20.0,0.0,0.7999999999999999,0.14909918083152796
10.87079906463623,1764505813.070225,1001,UAV,719.599999999997,150,11.0,-4.0,-21.0,0.0,0.8999999999999999,0.14891784280812917
10.87079906463623,1764505813.070225,1002,UNKNOWN,773.1999999999953,180,12.0,-3.0,-22.0,0.0,0.7,0.10129938448167329
10.972405195236206,1764505813.1718311,1000,UAV,672.0,120,10.0,-5.0,-20.0,0.0,0.7999999999999999,0.14909918083152796
10.972405195236206,1764505813.1718311,1001,UAV,719.599999999997,150,11.0,-4.0,-21.0,0.0,0.8999999999999999,0.14891784280812917
10.972405195236206,1764505813.1718311,1002,UNKNOWN,773.1999999999953,180,12.0,-3.0,-22.0,0.0,0.7,0.10129938448167329
11.074415922164917,1764505813.2738419,1000,UAV,672.0,120,10.0,-5.0,-20.0,0.0,0.7999999999999999,0.14909918083152796
11.074415922164917,1764505813.2738419,1001,UAV,719.599999999997,150,11.0,-4.0,-21.0,0.0,0.8999999999999999,0.14891784280812917
11.074415922164917,1764505813.2738419,1002,UNKNOWN,773.1999999999953,180,12.0,-3.0,-22.0,0.0,0.7,0.10129938448167329
11.179372072219849,1764505813.378798,1000,UAV,672.0,120,10.0,-5.0,-20.0,0.0,0.7999999999999999,0.14909918083152796
11.179372072219849,1764505813.378798,1001,UAV,719.599999999997,150,11.0,-4.0,-21.0,0.0,0.8999999999999999,0.14891784280812917
11.179372072219849,1764505813.378798,1002,UNKNOWN,773.1999999999953,180,12.0,-3.0,-22.0,0.0,0.7,0.10129938448167329
11.283064126968384,1764505813.48249,1000,UAV,672.0,120,10.0,-5.0,-20.0,0.0,0.7999999999999999,0.14909918083152796
11.283064126968384,1764505813.48249,1001,UAV,719.599999999997,150,11.0,-4.0,-21.0,0.0,0.8999999999999999,0.14891784280812917
11.283064126968384,1764505813.48249,1002,UNKNOWN,773.1999999999953,180,12.0,-3.0,-22.0,0.0,0.7,0.10129938448167329
11.38814115524292,1764505813.587567,1000,UAV,672.0,120,10.0,-5.0,-20.0,0.0,0.7999999999999999,0.14909918083152796
11.38814115524292,1764505813.587567,1001,UAV,719.599999999997,150,11.0,-4.0,-21.0,0.0,0.8999999999999999,0.14891784280812917
11.38814115524292,1764505813.587567,1002,UNKNOWN,773.1999999999953,180,12.0,-3.0,-22.0,0.0,0.7,0.10129938448167329
11.491738080978394,1764505813.691164,1000,UAV,672.0,120,10.0,-5.0,-20.0,0.0,0.7999999999999999,0.14909918083152796
11.491738080978394,1764505813.691164,1001,UAV,719.599999999997,150,11.0,-4.0,-21.0,0.0,0.8999999999999999,0.14891784280812917
11.491738080978394,1764505813.691164,1002,UNKNOWN,773.1999999999953,180,12.0,-3.0,-22.0,0.0,0.7,0.10129938448167329
11.593422889709473,1764505813.7928488,1000,UAV,672.0,120,10.0,-5.0,-20.0,0.0,0.7999999999999999,0.14909918083152796
11.593422889709473,1764505813.7928488,1001,UAV,719.599999999997,150,11.0,-4.0,-21.0,0.0,0.8999999999999999,0.14891784280812917
11.593422889709473,1764505813.7928488,1002,UNKNOWN,773.1999999999953,180,12.0,-3.0,-22.0,0.0,0.7,0.10129938448167329
11.69847297668457,1764505813.897899,1000,UAV,672.0,120,10.0,-5.0,-20.0,0.0,0.7999999999999999,0.14909918083152796
11.69847297668457,1764505813.897899,1001,UAV,719.599999999997,150,11.0,-4.0,-21.0,0.0,0.8999999999999999,0.14891784280812917
11.69847297668457,1764505813.897899,1002,UNKNOWN,773.1999999999953,180,12.0,-3.0,-22.0,0.0,0.7,0.10129938448167329
11.800248146057129,1764505813.999674,1000,UAV,672.0,120,10.0,-5.0,-20.0,0.0,0.7999999999999999,0.14909918083152796
11.800248146057129,1764505813.999674,1001,UAV,719.599999999997,150,11.0,-4.0,-21.0,0.0,0.8999999999999999,0.14891784280812917
11.800248146057129,1764505813.999674,1002,UNKNOWN,773.1999999999953,180,12.0,-3.0,-22.0,0.0,0.7,0.10129938448167329
11.905363082885742,1764505814.104789,1000,UAV,672.0,120,10.0,-5.0,-20.0,0.0,0.7999999999999999,0.14909918083152796
11.905363082885742,1764505814.104789,1001,UAV,719.599999999997,150,11.0,-4.0,-21.0,0.0,0.8999999999999999,0.14891784280812917
11.905363082885742,1764505814.104789,1002,UNKNOWN,773.1999999999953,180,12.0,-3.0,-22.0,0.0,0.7,0.10129938448167329
12.005486965179443,1764505814.204913,1000,UAV,672.0,120,10.0,-5.0,-20.0,0.0,0.7999999999999999,0.14909918083152796
12.005486965179443,1764505814.204913,1001,UAV,719.599999999997,150,11.0,-4.0,-21.0,0.0,0.8999999999999999,0.14891784280812917
12.005486965179443,1764505814.204913,1002,UNKNOWN,773.1999999999953,180,12.0,-3.0,-22.0,0.0,0.7,0.10129938448167329
12.110589981079102,1764505814.310016,1000,UAV,672.0,120,10.0,-5.0,-20.0,0.0,0.7999999999999999,0.14909918083152796
12.110589981079102,1764505814.310016,1001,UAV,719.599999999997,150,11.0,-4.0,-21.0,0.0,0.8999999999999999,0.14891784280812917
12.110589981079102,1764505814.310016,1002,UNKNOWN,773.1999999999953,180,12.0,-3.0,-22.0,0.0,0.7,0.10129938448167329
12.21570110321045,1764505814.415127,1000,UAV,672.0,120,10.0,-5.0,-20.0,0.0,0.7999999999999999,0.14909918083152796
12.21570110321045,1764505814.415127,1001,UAV,719.599999999997,150,11.0,-4.0,-21.0,0.0,0.8999999999999999,0.14891784280812917
12.21570110321045,1764505814.415127,1002,UNKNOWN,773.1999999999953,180,12.0,-3.0,-22.0,0.0,0.7,0.10129938448167329
12.316468000411987,1764505814.515894,1000,UAV,672.0,120,10.0,-5.0,-20.0,0.0,0.7999999999999999,0.14909918083152796
12.316468000411987,1764505814.515894,1001,UAV,719.599999999997,150,11.0,-4.0,-21.0,0.0,0.8999999999999999,0.14891784280812917
12.316468000411987,1764505814.515894,1002,UNKNOWN,773.1999999999953,180,12.0,-3.0,-22.0,0.0,0.7,0.10129938448167329
12.316468000411987,1764505814.515894,1003,UAV,832.8000000000034,210,13.0,-2.0,-23.0,0.0,0.7999999999999999,0.0997444811744946
12.419620037078857,1764505814.619046,1000,UAV,672.0,120,10.0,-5.0,-20.0,0.0,0.7999999999999999,0.14909918083152796
12.419620037078857,1764505814.619046,1001,UAV,719.599999999997,150,11.0,-4.0,-21.0,0.0,0.8999999999999999,0.14891784280812917
12.419620037078857,1764505814.619046,1002,UNKNOWN,773.1999999999953,180,12.0,-3.0,-22.0,0.0,0.7,0.10129938448167329
12.419620037078857,1764505814.619046,1003,UAV,832.8000000000034,210,13.0,-2.0,-23.0,0.0,0.7999999999999999,0.0997444811744946
12.52468204498291,1764505814.724108,1000,UAV,672.0,120,10.0,-5.0,-20.0,0.0,0.7999999999999999,0.14909918083152796
12.52468204498291,1764505814.724108,1001,UAV,719.599999999997,150,11.0,-4.0,-21.0,0.0,0.8999999999999999,0.14891784280812917
12.52468204498291,1764505814.724108,1002,UNKNOWN,773.1999999999953,180,12.0,-3.0,-22.0,0.0,0.7,0.10129938448167329
12.52468204498291,1764505814.724108,1003,UAV,832.8000000000034,210,13.0,-2.0,-23.0,0.0,0.7999999999999999,0.0997444811744946
12.629838943481445,1764505814.8292649,1000,UAV,672.0,120,10.0,-5.0,-20.0,0.0,0.7999999999999999,0.14909918083152796
12.629838943481445,1764505814.8292649,1001,UAV,719.599999999997,150,11.0,-4.0,-21.0,0.0,0.8999999999999999,0.14891784280812917
12.629838943481445,1764505814.8292649,1002,UNKNOWN,773.1999999999953,180,12.0,-3.0,-22.0,0.0,0.7,0.10129938448167329
12.629838943481445,1764505814.8292649,1003,UAV,832.8000000000034,210,13.0,-2.0,-23.0,0.0,0.7999999999999999,0.0997444811744946
12.734599113464355,1764505814.934025,1000,UAV,672.0,120,10.0,-5.0,-20.0,0.0,0.7999999999999999,0.14909918083152796
12.734599113464355,1764505814.934025,1001,UAV,719.599999999997,150,11.0,-4.0,-21.0,0.0,0.8999999999999999,0.14891784280812917
12.734599113464355,1764505814.934025,1002,UNKNOWN,773.1999999999953,180,12.0,-3.0,-22.0,0.0,0.7,0.10129938448167329
12.734599113464355,1764505814.934025,1003,UAV,832.8000000000034,210,13.0,-2.0,-23.0,0.0,0.7999999999999999,0.0997444811744946
12.839714050292969,1764505815.03914,1000,UAV,672.0,120,10.0,-5.0,-20.0,0.0,0.7999999999999999,0.14909918083152796
12.839714050292969,1764505815.03914,1001,UAV,719.599999999997,150,11.0,-4.0,-21.0,0.0,0.8999999999999999,0.14891784280812917
12.839714050292969,1764505815.03914,1002,UNKNOWN,773.1999999999953,180,12.0,-3.0,-22.0,0.0,0.7,0.10129938448167329
12.839714050292969,1764505815.03914,1003,UAV,832.8000000000034,210,13.0,-2.0,-23.0,0.0,0.7999999999999999,0.0997444811744946
12.944808959960938,1764505815.144235,1000,UAV,672.0,120,10.0,-5.0,-20.0,0.0,0.7999999999999999,0.14909918083152796
12.944808959960938,1764505815.144235,1001,UAV,719.599999999997,150,11.0,-4.0,-21.0,0.0,0.8999999999999999,0.14891784280812917
12.944808959960938,1764505815.144235,1002,UNKNOWN,773.1999999999953,180,12.0,-3.0,-22.0,0.0,0.7,0.10129938448167329
12.944808959960938,1764505815.144235,1003,UAV,832.8000000000034,210,13.0,-2.0,-23.0,0.0,0.7999999999999999,0.0997444811744946
13.047510147094727,1764505815.246936,1000,UAV,672.0,120,10.0,-5.0,-20.0,0.0,0.7999999999999999,0.14909918083152796
13.047510147094727,1764505815.246936,1001,UAV,719.599999999997,150,11.0,-4.0,-21.0,0.0,0.8999999999999999,0.14891784280812917
13.047510147094727,1764505815.246936,1002,UNKNOWN,773.1999999999953,180,12.0,-3.0,-22.0,0.0,0.7,0.10129938448167329
13.047510147094727,1764505815.246936,1003,UAV,832.8000000000034,210,13.0,-2.0,-23.0,0.0,0.7999999999999999,0.0997444811744946
13.14858603477478,1764505815.348012,1000,UAV,672.0,120,10.0,-5.0,-20.0,0.0,0.7999999999999999,0.14909918083152796
13.14858603477478,1764505815.348012,1001,UAV,719.599999999997,150,11.0,-4.0,-21.0,0.0,0.8999999999999999,0.14891784280812917
13.14858603477478,1764505815.348012,1002,UNKNOWN,773.1999999999953,180,12.0,-3.0,-22.0,0.0,0.7,0.10129938448167329
13.14858603477478,1764505815.348012,1003,UAV,832.8000000000034,210,13.0,-2.0,-23.0,0.0,0.7999999999999999,0.0997444811744946
13.249989986419678,1764505815.449416,1000,UAV,672.0,120,10.0,-5.0,-20.0,0.0,0.7999999999999999,0.14909918083152796
13.249989986419678,1764505815.449416,1001,UAV,719.599999999997,150,11.0,-4.0,-21.0,0.0,0.8999999999999999,0.14891784280812917
13.249989986419678,1764505815.449416,1002,UNKNOWN,773.1999999999953,180,12.0,-3.0,-22.0,0.0,0.7,0.10129938448167329
13.249989986419678,1764505815.449416,1003,UAV,832.8000000000034,210,13.0,-2.0,-23.0,0.0,0.7999999999999999,0.0997444811744946
13.355096101760864,1764505815.554522,1000,UAV,672.0,120,10.0,-5.0,-20.0,0.0,0.7999999999999999,0.14909918083152796
13.355096101760864,1764505815.554522,1001,UAV,719.599999999997,150,11.0,-4.0,-21.0,0.0,0.8999999999999999,0.14891784280812917
13.355096101760864,1764505815.554522,1002,UNKNOWN,773.1999999999953,180,12.0,-3.0,-22.0,0.0,0.7,0.10129938448167329
13.355096101760864,1764505815.554522,1003,UAV,832.8000000000034,210,13.0,-2.0,-23.0,0.0,0.7999999999999999,0.0997444811744946
13.460190057754517,1764505815.659616,1000,UAV,672.0,120,10.0,-5.0,-20.0,0.0,0.7999999999999999,0.14909918083152796
13.460190057754517,1764505815.659616,1001,UAV,719.599999999997,150,11.0,-4.0,-21.0,0.0,0.8999999999999999,0.14891784280812917
13.460190057754517,1764505815.659616,1002,UNKNOWN,773.1999999999953,180,12.0,-3.0,-22.0,0.0,0.7,0.10129938448167329
13.460190057754517,1764505815.659616,1003,UAV,832.8000000000034,210,13.0,-2.0,-23.0,0.0,0.7999999999999999,0.0997444811744946
13.565738201141357,1764505815.7651641,1000,UAV,672.0,120,10.0,-5.0,-20.0,0.0,0.7999999999999999,0.14909918083152796
13.565738201141357,1764505815.7651641,1001,UAV,719.599999999997,150,11.0,-4.0,-21.0,0.0,0.8999999999999999,0.14891784280812917
13.565738201141357,1764505815.7651641,1002,UNKNOWN,773.1999999999953,180,12.0,-3.0,-22.0,0.0,0.7,0.10129938448167329
13.565738201141357,1764505815.7651641,1003,UAV,832.8000000000034,210,13.0,-2.0,-23.0,0.0,0.7999999999999999,0.0997444811744946
13.66764497756958,1764505815.867071,1000,UAV,672.0,120,10.0,-5.0,-20.0,0.0,0.7999999999999999,0.14909918083152796
13.66764497756958,1764505815.867071,1001,UAV,719.599999999997,150,11.0,-4.0,-21.0,0.0,0.8999999999999999,0.14891784280812917
13.66764497756958,1764505815.867071,1002,UNKNOWN,773.1999999999953,180,12.0,-3.0,-22.0,0.0,0.7,0.10129938448167329
13.66764497756958,1764505815.867071,1003,UAV,832.8000000000034,210,13.0,-2.0,-23.0,0.0,0.7999999999999999,0.0997444811744946
13.772742986679077,1764505815.972169,1000,UAV,672.0,120,10.0,-5.0,-20.0,0.0,0.7999999999999999,0.14909918083152796
13.772742986679077,1764505815.972169,1001,UAV,719.599999999997,150,11.0,-4.0,-21.0,0.0,0.8999999999999999,0.14891784280812917
13.772742986679077,1764505815.972169,1002,UNKNOWN,773.1999999999953,180,12.0,-3.0,-22.0,0.0,0.7,0.10129938448167329
13.772742986679077,1764505815.972169,1003,UAV,832.8000000000034,210,13.0,-2.0,-23.0,0.0,0.7999999999999999,0.0997444811744946
13.877848863601685,1764505816.0772748,1000,UAV,672.0,120,10.0,-5.0,-20.0,0.0,0.7999999999999999,0.14909918083152796
13.877848863601685,1764505816.0772748,1001,UAV,719.599999999997,150,11.0,-4.0,-21.0,0.0,0.8999999999999999,0.14891784280812917
13.877848863601685,1764505816.0772748,1002,UNKNOWN,773.1999999999953,180,12.0,-3.0,-22.0,0.0,0.7,0.10129938448167329
13.877848863601685,1764505816.0772748,1003,UAV,832.8000000000034,210,13.0,-2.0,-23.0,0.0,0.7999999999999999,0.0997444811744946
13.982929944992065,1764505816.1823559,1000,UAV,672.0,120,10.0,-5.0,-20.0,0.0,0.7999999999999999,0.14909918083152796
13.982929944992065,1764505816.1823559,1001,UAV,719.599999999997,150,11.0,-4.0,-21.0,0.0,0.8999999999999999,0.14891784280812917
13.982929944992065,1764505816.1823559,1002,UNKNOWN,773.1999999999953,180,12.0,-3.0,-22.0,0.0,0.7,0.10129938448167329
13.982929944992065,1764505816.1823559,1003,UAV,832.8000000000034,210,13.0,-2.0,-23.0,0.0,0.7999999999999999,0.0997444811744946
14.088024139404297,1764505816.28745,1000,UAV,672.0,120,10.0,-5.0,-20.0,0.0,0.7999999999999999,0.14909918083152796
14.088024139404297,1764505816.28745,1001,UAV,719.599999999997,150,11.0,-4.0,-21.0,0.0,0.8999999999999999,0.14891784280812917
14.088024139404297,1764505816.28745,1002,UNKNOWN,773.1999999999953,180,12.0,-3.0,-22.0,0.0,0.7,0.10129938448167329
14.088024139404297,1764505816.28745,1003,UAV,832.8000000000034,210,13.0,-2.0,-23.0,0.0,0.7999999999999999,0.0997444811744946
14.193111181259155,1764505816.392537,1000,UAV,672.0,120,10.0,-5.0,-20.0,0.0,0.7999999999999999,0.14909918083152796
14.193111181259155,1764505816.392537,1001,UAV,719.599999999997,150,11.0,-4.0,-21.0,0.0,0.8999999999999999,0.14891784280812917
14.193111181259155,1764505816.392537,1002,UNKNOWN,773.1999999999953,180,12.0,-3.0,-22.0,0.0,0.7,0.10129938448167329
14.193111181259155,1764505816.392537,1003,UAV,832.8000000000034,210,13.0,-2.0,-23.0,0.0,0.7999999999999999,0.0997444811744946
14.298243999481201,1764505816.49767,1000,UAV,672.0,120,10.0,-5.0,-20.0,0.0,0.7999999999999999,0.14909918083152796
14.298243999481201,1764505816.49767,1001,UAV,719.599999999997,150,11.0,-4.0,-21.0,0.0,0.8999999999999999,0.14891784280812917
14.298243999481201,1764505816.49767,1002,UNKNOWN,773.1999999999953,180,12.0,-3.0,-22.0,0.0,0.7,0.10129938448167329
14.298243999481201,1764505816.49767,1003,UAV,832.8000000000034,210,13.0,-2.0,-23.0,0.0,0.7999999999999999,0.0997444811744946
14.401232957839966,1764505816.600659,1000,UAV,672.0,120,10.0,-5.0,-20.0,0.0,0.7999999999999999,0.14909918083152796
14.401232957839966,1764505816.600659,1001,UAV,719.599999999997,150,11.0,-4.0,-21.0,0.0,0.8999999999999999,0.14891784280812917
14.401232957839966,1764505816.600659,1002,UNKNOWN,773.1999999999953,180,12.0,-3.0,-22.0,0.0,0.7,0.10129938448167329
14.401232957839966,1764505816.600659,1003,UAV,832.8000000000034,210,13.0,-2.0,-23.0,0.0,0.7999999999999999,0.0997444811744946
14.504944086074829,1764505816.70437,1000,UAV,672.0,120,10.0,-5.0,-20.0,0.0,0.7999999999999999,0.14909918083152796
14.504944086074829,1764505816.70437,1001,UAV,719.599999999997,150,11.0,-4.0,-21.0,0.0,0.8999999999999999,0.14891784280812917
14.504944086074829,1764505816.70437,1002,UNKNOWN,773.1999999999953,180,12.0,-3.0,-22.0,0.0,0.7,0.10129938448167329
14.504944086074829,1764505816.70437,1003,UAV,832.8000000000034,210,13.0,-2.0,-23.0,0.0,0.7999999999999999,0.0997444811744946
14.610037088394165,1764505816.809463,1000,UAV,672.0,120,10.0,-5.0,-20.0,0.0,0.7999999999999999,0.14909918083152796
14.610037088394165,1764505816.809463,1001,UAV,719.599999999997,150,11.0,-4.0,-21.0,0.0,0.8999999999999999,0.14891784280812917
14.610037088394165,1764505816.809463,1002,UNKNOWN,773.1999999999953,180,12.0,-3.0,-22.0,0.0,0.7,0.10129938448167329
14.610037088394165,1764505816.809463,1003,UAV,832.8000000000034,210,13.0,-2.0,-23.0,0.0,0.7999999999999999,0.0997444811744946
14.712715148925781,1764505816.912141,1000,UAV,672.0,120,10.0,-5.0,-20.0,0.0,0.7999999999999999,0.14909918083152796
14.712715148925781,1764505816.912141,1001,UAV,719.599999999997,150,11.0,-4.0,-21.0,0.0,0.8999999999999999,0.14891784280812917
14.712715148925781,1764505816.912141,1002,UNKNOWN,773.1999999999953,180,12.0,-3.0,-22.0,0.0,0.7,0.10129938448167329
14.712715148925781,1764505816.912141,1003,UAV,832.8000000000034,210,13.0,-2.0,-23.0,0.0,0.7999999999999999,0.0997444811744946
14.814162015914917,1764505817.013588,1000,UAV,672.0,120,10.0,-5.0,-20.0,0.0,0.7999999999999999,0.14909918083152796
14.814162015914917,1764505817.013588,1001,UAV,719.599999999997,150,11.0,-4.0,-21.0,0.0,0.8999999999999999,0.14891784280812917
14.814162015914917,1764505817.013588,1002,UNKNOWN,773.1999999999953,180,12.0,-3.0,-22.0,0.0,0.7,0.10129938448167329
14.814162015914917,1764505817.013588,1003,UAV,832.8000000000034,210,13.0,-2.0,-23.0,0.0,0.7999999999999999,0.0997444811744946
14.91923999786377,1764505817.118666,1000,UAV,672.0,120,10.0,-5.0,-20.0,0.0,0.7999999999999999,0.14909918083152796
14.91923999786377,1764505817.118666,1001,UAV,719.599999999997,150,11.0,-4.0,-21.0,0.0,0.8999999999999999,0.14891784280812917
14.91923999786377,1764505817.118666,1002,UNKNOWN,773.1999999999953,180,12.0,-3.0,-22.0,0.0,0.7,0.10129938448167329
14.91923999786377,1764505817.118666,1003,UAV,832.8000000000034,210,13.0,-2.0,-23.0,0.0,0.7999999999999999,0.0997444811744946
15.024319171905518,1764505817.223745,1000,UAV,672.0,120,10.0,-5.0,-20.0,0.0,0.7999999999999999,0.14909918083152796
15.024319171905518,1764505817.223745,1001,UAV,719.599999999997,150,11.0,-4.0,-21.0,0.0,0.8999999999999999,0.14891784280812917
15.024319171905518,1764505817.223745,1002,UNKNOWN,773.1999999999953,180,12.0,-3.0,-22.0,0.0,0.7,0.10129938448167329
15.024319171905518,1764505817.223745,1003,UAV,832.8000000000034,210,13.0,-2.0,-23.0,0.0,0.7999999999999999,0.0997444811744946
15.131654977798462,1764505817.331081,1000,UAV,672.0,120,10.0,-5.0,-20.0,0.0,0.7999999999999999,0.14909918083152796
15.131654977798462,1764505817.331081,1001,UAV,719.599999999997,150,11.0,-4.0,-21.0,0.0,0.8999999999999999,0.14891784280812917
15.131654977798462,1764505817.331081,1002,UNKNOWN,773.1999999999953,180,12.0,-3.0,-22.0,0.0,0.7,0.10129938448167329
15.131654977798462,1764505817.331081,1003,UAV,832.8000000000034,210,13.0,-2.0,-23.0,0.0,0.7999999999999999,0.0997444811744946
15.233711957931519,1764505817.433138,1000,UAV,672.0,120,10.0,-5.0,-20.0,0.0,0.7999999999999999,0.14909918083152796
15.233711957931519,1764505817.433138,1001,UAV,719.599999999997,150,11.0,-4.0,-21.0,0.0,0.8999999999999999,0.14891784280812917
15.233711957931519,1764505817.433138,1002,UNKNOWN,773.1999999999953,180,12.0,-3.0,-22.0,0.0,0.7,0.10129938448167329
15.233711957931519,1764505817.433138,1003,UAV,832.8000000000034,210,13.0,-2.0,-23.0,0.0,0.7999999999999999,0.0997444811744946
15.33883810043335,1764505817.538264,1000,UAV,672.0,120,10.0,-5.0,-20.0,0.0,0.7999999999999999,0.14909918083152796
15.33883810043335,1764505817.538264,1001,UAV,719.599999999997,150,11.0,-4.0,-21.0,0.0,0.8999999999999999,0.14891784280812917
15.33883810043335,1764505817.538264,1002,UNKNOWN,773.1999999999953,180,12.0,-3.0,-22.0,0.0,0.7,0.10129938448167329
15.33883810043335,1764505817.538264,1003,UAV,832.8000000000034,210,13.0,-2.0,-23.0,0.0,0.7999999999999999,0.0997444811744946
15.441465854644775,1764505817.6408918,1000,UAV,672.0,120,10.0,-5.0,-20.0,0.0,0.7999999999999999,0.14909918083152796
15.441465854644775,1764505817.6408918,1001,UAV,719.599999999997,150,11.0,-4.0,-21.0,0.0,0.8999999999999999,0.14891784280812917
15.441465854644775,1764505817.6408918,1002,UNKNOWN,773.1999999999953,180,12.0,-3.0,-22.0,0.0,0.7,0.10129938448167329
15.441465854644775,1764505817.6408918,1003,UAV,832.8000000000034,210,13.0,-2.0,-23.0,0.0,0.7999999999999999,0.0997444811744946
15.441465854644775,1764505817.6408918,1004,UAV,898.400000000001,240,14.0,-1.0,-24.0,0.0,0.8999999999999999,0.09523949920136239
15.546082258224487,1764505817.7455082,1000,UAV,672.0,120,10.0,-5.0,-20.0,0.0,0.7999999999999999,0.14909918083152796
15.546082258224487,1764505817.7455082,1001,UAV,719.599999999997,150,11.0,-4.0,-21.0,0.0,0.8999999999999999,0.14891784280812917
15.546082258224487,1764505817.7455082,1002,UNKNOWN,773.1999999999953,180,12.0,-3.0,-22.0,0.0,0.7,0.10129938448167329
15.546082258224487,1764505817.7455082,1003,UAV,832.8000000000034,210,13.0,-2.0,-23.0,0.0,0.7999999999999999,0.0997444811744946
15.546082258224487,1764505817.7455082,1004,UAV,898.400000000001,240,14.0,-1.0,-24.0,0.0,0.8999999999999999,0.09523949920136239
15.650832891464233,1764505817.8502588,1000,UAV,672.0,120,10.0,-5.0,-20.0,0.0,0.7999999999999999,0.14909918083152796
15.650832891464233,1764505817.8502588,1001,UAV,719.599999999997,150,11.0,-4.0,-21.0,0.0,0.8999999999999999,0.14891784280812917
15.650832891464233,1764505817.8502588,1002,UNKNOWN,773.1999999999953,180,12.0,-3.0,-22.0,0.0,0.7,0.10129938448167329
15.650832891464233,1764505817.8502588,1003,UAV,832.8000000000034,210,13.0,-2.0,-23.0,0.0,0.7999999999999999,0.0997444811744946
15.650832891464233,1764505817.8502588,1004,UAV,898.400000000001,240,14.0,-1.0,-24.0,0.0,0.8999999999999999,0.09523949920136239
15.7552170753479,1764505817.954643,1000,UAV,672.0,120,10.0,-5.0,-20.0,0.0,0.7999999999999999,0.14909918083152796
15.7552170753479,1764505817.954643,1001,UAV,719.599999999997,150,11.0,-4.0,-21.0,0.0,0.8999999999999999,0.14891784280812917
15.7552170753479,1764505817.954643,1002,UNKNOWN,773.1999999999953,180,12.0,-3.0,-22.0,0.0,0.7,0.10129938448167329
15.7552170753479,1764505817.954643,1003,UAV,832.8000000000034,210,13.0,-2.0,-23.0,0.0,0.7999999999999999,0.0997444811744946
15.7552170753479,1764505817.954643,1004,UAV,898.400000000001,240,14.0,-1.0,-24.0,0.0,0.8999999999999999,0.09523949920136239
15.860327005386353,1764505818.059753,1000,UAV,672.0,120,10.0,-5.0,-20.0,0.0,0.7999999999999999,0.14909918083152796
15.860327005386353,1764505818.059753,1001,UAV,719.599999999997,150,11.0,-4.0,-21.0,0.0,0.8999999999999999,0.14891784280812917
15.860327005386353,1764505818.059753,1002,UNKNOWN,773.1999999999953,180,12.0,-3.0,-22.0,0.0,0.7,0.10129938448167329
15.860327005386353,1764505818.059753,1003,UAV,832.8000000000034,210,13.0,-2.0,-23.0,0.0,0.7999999999999999,0.0997444811744946
15.860327005386353,1764505818.059753,1004,UAV,898.400000000001,240,14.0,-1.0,-24.0,0.0,0.8999999999999999,0.09523949920136239
15.965327024459839,1764505818.164753,1000,UAV,672.0,120,10.0,-5.0,-20.0,0.0,0.7999999999999999,0.14909918083152796
15.965327024459839,1764505818.164753,1001,UAV,719.599999999997,150,11.0,-4.0,-21.0,0.0,0.8999999999999999,0.14891784280812917
15.965327024459839,1764505818.164753,1002,UNKNOWN,773.1999999999953,180,12.0,-3.0,-22.0,0.0,0.7,0.10129938448167329
15.965327024459839,1764505818.164753,1003,UAV,832.8000000000034,210,13.0,-2.0,-23.0,0.0,0.7999999999999999,0.0997444811744946
15.965327024459839,1764505818.164753,1004,UAV,898.400000000001,240,14.0,-1.0,-24.0,0.0,0.8999999999999999,0.09523949920136239
16.070437908172607,1764505818.2698638,1000,UAV,672.0,120,10.0,-5.0,-20.0,0.0,0.7999999999999999,0.14909918083152796
16.070437908172607,1764505818.2698638,1001,UAV,719.599999999997,150,11.0,-4.0,-21.0,0.0,0.8999999999999999,0.14891784280812917
16.070437908172607,1764505818.2698638,1002,UNKNOWN,773.1999999999953,180,12.0,-3.0,-22.0,0.0,0.7,0.10129938448167329
16.070437908172607,1764505818.2698638,1003,UAV,832.8000000000034,210,13.0,-2.0,-23.0,0.0,0.7999999999999999,0.0997444811744946
16.070437908172607,1764505818.2698638,1004,UAV,898.400000000001,240,14.0,-1.0,-24.0,0.0,0.8999999999999999,0.09523949920136239
16.17363214492798,1764505818.373058,1000,UAV,672.0,120,10.0,-5.0,-20.0,0.0,0.7999999999999999,0.14909918083152796
16.17363214492798,1764505818.373058,1001,UAV,719.599999999997,150,11.0,-4.0,-21.0,0.0,0.8999999999999999,0.14891784280812917
16.17363214492798,1764505818.373058,1002,UNKNOWN,773.1999999999953,180,12.0,-3.0,-22.0,0.0,0.7,0.10129938448167329
16.17363214492798,1764505818.373058,1003,UAV,832.8000000000034,210,13.0,-2.0,-23.0,0.0,0.7999999999999999,0.0997444811744946
16.17363214492798,1764505818.373058,1004,UAV,898.400000000001,240,14.0,-1.0,-24.0,0.0,0.8999999999999999,0.09523949920136239
16.274453163146973,1764505818.473879,1000,UAV,672.0,120,10.0,-5.0,-20.0,0.0,0.7999999999999999,0.14909918083152796
16.274453163146973,1764505818.473879,1001,UAV,719.599999999997,150,11.0,-4.0,-21.0,0.0,0.8999999999999999,0.14891784280812917
16.274453163146973,1764505818.473879,1002,UNKNOWN,773.1999999999953,180,12.0,-3.0,-22.0,0.0,0.7,0.10129938448167329
16.274453163146973,1764505818.473879,1003,UAV,832.8000000000034,210,13.0,-2.0,-23.0,0.0,0.7999999999999999,0.0997444811744946
16.274453163146973,1764505818.473879,1004,UAV,898.400000000001,240,14.0,-1.0,-24.0,0.0,0.8999999999999999,0.09523949920136239
16.379528999328613,1764505818.578955,1000,UAV,672.0,120,10.0,-5.0,-20.0,0.0,0.7999999999999999,0.14909918083152796
16.379528999328613,1764505818.578955,1001,UAV,719.599999999997,150,11.0,-4.0,-21.0,0.0,0.8999999999999999,0.14891784280812917
16.379528999328613,1764505818.578955,1002,UNKNOWN,773.1999999999953,180,12.0,-3.0,-22.0,0.0,0.7,0.10129938448167329
16.379528999328613,1764505818.578955,1003,UAV,832.8000000000034,210,13.0,-2.0,-23.0,0.0,0.7999999999999999,0.0997444811744946
16.379528999328613,1764505818.578955,1004,UAV,898.400000000001,240,14.0,-1.0,-24.0,0.0,0.8999999999999999,0.09523949920136239
16.483203172683716,1764505818.682629,1000,UAV,672.0,120,10.0,-5.0,-20.0,0.0,0.7999999999999999,0.14909918083152796
16.483203172683716,1764505818.682629,1001,UAV,719.599999999997,150,11.0,-4.0,-21.0,0.0,0.8999999999999999,0.14891784280812917
16.483203172683716,1764505818.682629,1002,UNKNOWN,773.1999999999953,180,12.0,-3.0,-22.0,0.0,0.7,0.10129938448167329
16.483203172683716,1764505818.682629,1003,UAV,832.8000000000034,210,13.0,-2.0,-23.0,0.0,0.7999999999999999,0.0997444811744946
16.483203172683716,1764505818.682629,1004,UAV,898.400000000001,240,14.0,-1.0,-24.0,0.0,0.8999999999999999,0.09523949920136239
16.588314056396484,1764505818.78774,1000,UAV,672.0,120,10.0,-5.0,-20.0,0.0,0.7999999999999999,0.14909918083152796
16.588314056396484,1764505818.78774,1001,UAV,719.599999999997,150,11.0,-4.0,-21.0,0.0,0.8999999999999999,0.14891784280812917
16.588314056396484,1764505818.78774,1002,UNKNOWN,773.1999999999953,180,12.0,-3.0,-22.0,0.0,0.7,0.10129938448167329
16.588314056396484,1764505818.78774,1003,UAV,832.8000000000034,210,13.0,-2.0,-23.0,0.0,0.7999999999999999,0.0997444811744946
16.588314056396484,1764505818.78774,1004,UAV,898.400000000001,240,14.0,-1.0,-24.0,0.0,0.8999999999999999,0.09523949920136239
16.693421125411987,1764505818.892847,1000,UAV,672.0,120,10.0,-5.0,-20.0,0.0,0.7999999999999999,0.14909918083152796
16.693421125411987,1764505818.892847,1001,UAV,719.599999999997,150,11.0,-4.0,-21.0,0.0,0.8999999999999999,0.14891784280812917
16.693421125411987,1764505818.892847,1002,UNKNOWN,773.1999999999953,180,12.0,-3.0,-22.0,0.0,0.7,0.10129938448167329
16.693421125411987,1764505818.892847,1003,UAV,832.8000000000034,210,13.0,-2.0,-23.0,0.0,0.7999999999999999,0.0997444811744946
16.693421125411987,1764505818.892847,1004,UAV,898.400000000001,240,14.0,-1.0,-24.0,0.0,0.8999999999999999,0.09523949920136239
16.798516035079956,1764505818.997942,1000,UAV,672.0,120,10.0,-5.0,-20.0,0.0,0.7999999999999999,0.14909918083152796
16.798516035079956,1764505818.997942,1001,UAV,719.599999999997,150,11.0,-4.0,-21.0,0.0,0.8999999999999999,0.14891784280812917
16.798516035079956,1764505818.997942,1002,UNKNOWN,773.1999999999953,180,12.0,-3.0,-22.0,0.0,0.7,0.10129938448167329
16.798516035079956,1764505818.997942,1003,UAV,832.8000000000034,210,13.0,-2.0,-23.0,0.0,0.7999999999999999,0.0997444811744946
16.798516035079956,1764505818.997942,1004,UAV,898.400000000001,240,14.0,-1.0,-24.0,0.0,0.8999999999999999,0.09523949920136239
16.900062084197998,1764505819.099488,1000,UAV,672.0,120,10.0,-5.0,-20.0,0.0,0.7999999999999999,0.14909918083152796
16.900062084197998,1764505819.099488,1001,UAV,719.599999999997,150,11.0,-4.0,-21.0,0.0,0.8999999999999999,0.14891784280812917
16.900062084197998,1764505819.099488,1002,UNKNOWN,773.1999999999953,180,12.0,-3.0,-22.0,0.0,0.7,0.10129938448167329
16.900062084197998,1764505819.099488,1003,UAV,832.8000000000034,210,13.0,-2.0,-23.0,0.0,0.7999999999999999,0.0997444811744946
16.900062084197998,1764505819.099488,1004,UAV,898.400000000001,240,14.0,-1.0,-24.0,0.0,0.8999999999999999,0.09523949920136239
17.00110125541687,1764505819.2005272,1000,UAV,672.0,120,10.0,-5.0,-20.0,0.0,0.7999999999999999,0.14909918083152796
17.00110125541687,1764505819.2005272,1001,UAV,719.599999999997,150,11.0,-4.0,-21.0,0.0,0.8999999999999999,0.14891784280812917
17.00110125541687,1764505819.2005272,1002,UNKNOWN,773.1999999999953,180,12.0,-3.0,-22.0,0.0,0.7,0.10129938448167329
17.00110125541687,1764505819.2005272,1003,UAV,832.8000000000034,210,13.0,-2.0,-23.0,0.0,0.7999999999999999,0.0997444811744946
17.00110125541687,1764505819.2005272,1004,UAV,898.400000000001,240,14.0,-1.0,-24.0,0.0,0.8999999999999999,0.09523949920136239
17.106215953826904,1764505819.305642,1000,UAV,672.0,120,10.0,-5.0,-20.0,0.0,0.7999999999999999,0.14909918083152796
17.106215953826904,1764505819.305642,1001,UAV,719.599999999997,150,11.0,-4.0,-21.0,0.0,0.8999999999999999,0.14891784280812917
17.106215953826904,1764505819.305642,1002,UNKNOWN,773.1999999999953,180,12.0,-3.0,-22.0,0.0,0.7,0.10129938448167329
17.106215953826904,1764505819.305642,1003,UAV,832.8000000000034,210,13.0,-2.0,-23.0,0.0,0.7999999999999999,0.0997444811744946
17.106215953826904,1764505819.305642,1004,UAV,898.400000000001,240,14.0,-1.0,-24.0,0.0,0.8999999999999999,0.09523949920136239
17.21131920814514,1764505819.4107451,1000,UAV,672.0,120,10.0,-5.0,-20.0,0.0,0.7999999999999999,0.14909918083152796
17.21131920814514,1764505819.4107451,1001,UAV,719.599999999997,150,11.0,-4.0,-21.0,0.0,0.8999999999999999,0.14891784280812917
17.21131920814514,1764505819.4107451,1002,UNKNOWN,773.1999999999953,180,12.0,-3.0,-22.0,0.0,0.7,0.10129938448167329
17.21131920814514,1764505819.4107451,1003,UAV,832.8000000000034,210,13.0,-2.0,-23.0,0.0,0.7999999999999999,0.0997444811744946
17.21131920814514,1764505819.4107451,1004,UAV,898.400000000001,240,14.0,-1.0,-24.0,0.0,0.8999999999999999,0.09523949920136239
17.314072132110596,1764505819.513498,1000,UAV,672.0,120,10.0,-5.0,-20.0,0.0,0.7999999999999999,0.14909918083152796
17.314072132110596,1764505819.513498,1001,UAV,719.599999999997,150,11.0,-4.0,-21.0,0.0,0.8999999999999999,0.14891784280812917
17.314072132110596,1764505819.513498,1002,UNKNOWN,773.1999999999953,180,12.0,-3.0,-22.0,0.0,0.7,0.10129938448167329
17.314072132110596,1764505819.513498,1003,UAV,832.8000000000034,210,13.0,-2.0,-23.0,0.0,0.7999999999999999,0.0997444811744946
17.314072132110596,1764505819.513498,1004,UAV,898.400000000001,240,14.0,-1.0,-24.0,0.0,0.8999999999999999,0.09523949920136239
17.419188022613525,1764505819.618614,1000,UAV,672.0,120,10.0,-5.0,-20.0,0.0,0.7999999999999999,0.14909918083152796
17.419188022613525,1764505819.618614,1001,UAV,719.599999999997,150,11.0,-4.0,-21.0,0.0,0.8999999999999999,0.14891784280812917
17.419188022613525,1764505819.618614,1002,UNKNOWN,773.1999999999953,180,12.0,-3.0,-22.0,0.0,0.7,0.10129938448167329
17.419188022613525,1764505819.618614,1003,UAV,832.8000000000034,210,13.0,-2.0,-23.0,0.0,0.7999999999999999,0.0997444811744946
17.419188022613525,1764505819.618614,1004,UAV,898.400000000001,240,14.0,-1.0,-24.0,0.0,0.8999999999999999,0.09523949920136239
17.524293899536133,1764505819.7237198,1000,UAV,672.0,120,10.0,-5.0,-20.0,0.0,0.7999999999999999,0.14909918083152796
17.524293899536133,1764505819.7237198,1001,UAV,719.599999999997,150,11.0,-4.0,-21.0,0.0,0.8999999999999999,0.14891784280812917
17.524293899536133,1764505819.7237198,1002,UNKNOWN,773.1999999999953,180,12.0,-3.0,-22.0,0.0,0.7,0.10129938448167329
17.524293899536133,1764505819.7237198,1003,UAV,832.8000000000034,210,13.0,-2.0,-23.0,0.0,0.7999999999999999,0.0997444811744946
17.524293899536133,1764505819.7237198,1004,UAV,898.400000000001,240,14.0,-1.0,-24.0,0.0,0.8999999999999999,0.09523949920136239
17.624423027038574,1764505819.823849,1000,UAV,672.0,120,10.0,-5.0,-20.0,0.0,0.7999999999999999,0.14909918083152796
17.624423027038574,1764505819.823849,1001,UAV,719.599999999997,150,11.0,-4.0,-21.0,0.0,0.8999999999999999,0.14891784280812917
17.624423027038574,1764505819.823849,1002,UNKNOWN,773.1999999999953,180,12.0,-3.0,-22.0,0.0,0.7,0.10129938448167329
17.624423027038574,1764505819.823849,1003,UAV,832.8000000000034,210,13.0,-2.0,-23.0,0.0,0.7999999999999999,0.0997444811744946
17.624423027038574,1764505819.823849,1004,UAV,898.400000000001,240,14.0,-1.0,-24.0,0.0,0.8999999999999999,0.09523949920136239
17.72934103012085,1764505819.928767,1000,UAV,672.0,120,10.0,-5.0,-20.0,0.0,0.7999999999999999,0.14909918083152796
17.72934103012085,1764505819.928767,1001,UAV,719.599999999997,150,11.0,-4.0,-21.0,0.0,0.8999999999999999,0.14891784280812917
17.72934103012085,1764505819.928767,1002,UNKNOWN,773.1999999999953,180,12.0,-3.0,-22.0,0.0,0.7,0.10129938448167329
17.72934103012085,1764505819.928767,1003,UAV,832.8000000000034,210,13.0,-2.0,-23.0,0.0,0.7999999999999999,0.0997444811744946
17.72934103012085,1764505819.928767,1004,UAV,898.400000000001,240,14.0,-1.0,-24.0,0.0,0.8999999999999999,0.09523949920136239
17.834424257278442,1764505820.0338502,1000,UAV,672.0,120,10.0,-5.0,-20.0,0.0,0.7999999999999999,0.14909918083152796
17.834424257278442,1764505820.0338502,1001,UAV,719.599999999997,150,11.0,-4.0,-21.0,0.0,0.8999999999999999,0.14891784280812917
17.834424257278442,1764505820.0338502,1002,UNKNOWN,773.1999999999953,180,12.0,-3.0,-22.0,0.0,0.7,0.10129938448167329
17.834424257278442,1764505820.0338502,1003,UAV,832.8000000000034,210,13.0,-2.0,-23.0,0.0,0.7999999999999999,0.0997444811744946
17.834424257278442,1764505820.0338502,1004,UAV,898.400000000001,240,14.0,-1.0,-24.0,0.0,0.8999999999999999,0.09523949920136239
17.939523935317993,1764505820.1389499,1000,UAV,672.0,120,10.0,-5.0,-20.0,0.0,0.7999999999999999,0.14909918083152796
17.939523935317993,1764505820.1389499,1001,UAV,719.599999999997,150,11.0,-4.0,-21.0,0.0,0.8999999999999999,0.14891784280812917
17.939523935317993,1764505820.1389499,1002,UNKNOWN,773.1999999999953,180,12.0,-3.0,-22.0,0.0,0.7,0.10129938448167329
17.939523935317993,1764505820.1389499,1003,UAV,832.8000000000034,210,13.0,-2.0,-23.0,0.0,0.7999999999999999,0.0997444811744946
17.939523935317993,1764505820.1389499,1004,UAV,898.400000000001,240,14.0,-1.0,-24.0,0.0,0.8999999999999999,0.09523949920136239
18.041439056396484,1764505820.240865,1000,UAV,672.0,120,10.0,-5.0,-20.0,0.0,0.7999999999999999,0.14909918083152796
18.041439056396484,1764505820.240865,1001,UAV,719.599999999997,150,11.0,-4.0,-21.0,0.0,0.8999999999999999,0.14891784280812917
18.041439056396484,1764505820.240865,1002,UNKNOWN,773.1999999999953,180,12.0,-3.0,-22.0,0.0,0.7,0.10129938448167329
18.041439056396484,1764505820.240865,1003,UAV,832.8000000000034,210,13.0,-2.0,-23.0,0.0,0.7999999999999999,0.0997444811744946
18.041439056396484,1764505820.240865,1004,UAV,898.400000000001,240,14.0,-1.0,-24.0,0.0,0.8999999999999999,0.09523949920136239
18.14223289489746,1764505820.3416588,1000,UAV,672.0,120,10.0,-5.0,-20.0,0.0,0.7999999999999999,0.14909918083152796
18.14223289489746,1764505820.3416588,1001,UAV,719.599999999997,150,11.0,-4.0,-21.0,0.0,0.8999999999999999,0.14891784280812917
18.14223289489746,1764505820.3416588,1002,UNKNOWN,773.1999999999953,180,12.0,-3.0,-22.0,0.0,0.7,0.10129938448167329
18.14223289489746,1764505820.3416588,1003,UAV,832.8000000000034,210,13.0,-2.0,-23.0,0.0,0.7999999999999999,0.0997444811744946
18.14223289489746,1764505820.3416588,1004,UAV,898.400000000001,240,14.0,-1.0,-24.0,0.0,0.8999999999999999,0.09523949920136239
18.24604821205139,1764505820.4454741,1000,UAV,672.0,120,10.0,-5.0,-20.0,0.0,0.7999999999999999,0.14909918083152796
18.24604821205139,1764505820.4454741,1001,UAV,719.599999999997,150,11.0,-4.0,-21.0,0.0,0.8999999999999999,0.14891784280812917
18.24604821205139,1764505820.4454741,1002,UNKNOWN,773.1999999999953,180,12.0,-3.0,-22.0,0.0,0.7,0.10129938448167329
18.24604821205139,1764505820.4454741,1003,UAV,832.8000000000034,210,13.0,-2.0,-23.0,0.0,0.7999999999999999,0.0997444811744946
18.24604821205139,1764505820.4454741,1004,UAV,898.400000000001,240,14.0,-1.0,-24.0,0.0,0.8999999999999999,0.09523949920136239
18.35097908973694,1764505820.550405,1000,UAV,672.0,120,10.0,-5.0,-20.0,0.0,0.7999999999999999,0.14909918083152796
18.35097908973694,1764505820.550405,1001,UAV,719.599999999997,150,11.0,-4.0,-21.0,0.0,0.8999999999999999,0.14891784280812917
18.35097908973694,1764505820.550405,1002,UNKNOWN,773.1999999999953,180,12.0,-3.0,-22.0,0.0,0.7,0.10129938448167329
18.35097908973694,1764505820.550405,1003,UAV,832.8000000000034,210,13.0,-2.0,-23.0,0.0,0.7999999999999999,0.0997444811744946
18.35097908973694,1764505820.550405,1004,UAV,898.400000000001,240,14.0,-1.0,-24.0,0.0,0.8999999999999999,0.09523949920136239
18.451097011566162,1764505820.650523,1000,UAV,672.0,120,10.0,-5.0,-20.0,0.0,0.7999999999999999,0.14909918083152796
18.451097011566162,1764505820.650523,1001,UAV,719.599999999997,150,11.0,-4.0,-21.0,0.0,0.8999999999999999,0.14891784280812917
18.451097011566162,1764505820.650523,1002,UNKNOWN,773.1999999999953,180,12.0,-3.0,-22.0,0.0,0.7,0.10129938448167329
18.451097011566162,1764505820.650523,1003,UAV,832.8000000000034,210,13.0,-2.0,-23.0,0.0,0.7999999999999999,0.0997444811744946
18.451097011566162,1764505820.650523,1004,UAV,898.400000000001,240,14.0,-1.0,-24.0,0.0,0.8999999999999999,0.09523949920136239
18.556225061416626,1764505820.755651,1000,UAV,672.0,120,10.0,-5.0,-20.0,0.0,0.7999999999999999,0.14909918083152796
18.556225061416626,1764505820.755651,1001,UAV,719.599999999997,150,11.0,-4.0,-21.0,0.0,0.8999999999999999,0.14891784280812917
18.556225061416626,1764505820.755651,1002,UNKNOWN,773.1999999999953,180,12.0,-3.0,-22.0,0.0,0.7,0.10129938448167329
18.556225061416626,1764505820.755651,1003,UAV,832.8000000000034,210,13.0,-2.0,-23.0,0.0,0.7999999999999999,0.0997444811744946
18.556225061416626,1764505820.755651,1004,UAV,898.400000000001,240,14.0,-1.0,-24.0,0.0,0.8999999999999999,0.09523949920136239
18.556225061416626,1764505820.755651,1005,UNKNOWN,991.0,270,15.0,0.0,-10.0,0.0,0.7,0.05876699190038187
18.661311149597168,1764505820.860737,1000,UAV,672.0,120,10.0,-5.0,-20.0,0.0,0.7999999999999999,0.14909918083152796
18.661311149597168,1764505820.860737,1001,UAV,719.599999999997,150,11.0,-4.0,-21.0,0.0,0.8999999999999999,0.14891784280812917
18.661311149597168,1764505820.860737,1002,UNKNOWN,773.1999999999953,180,12.0,-3.0,-22.0,0.0,0.7,0.10129938448167329
18.661311149597168,1764505820.860737,1003,UAV,832.8000000000034,210,13.0,-2.0,-23.0,0.0,0.7999999999999999,0.0997444811744946
18.661311149597168,1764505820.860737,1004,UAV,898.400000000001,240,14.0,-1.0,-24.0,0.0,0.8999999999999999,0.09523949920136239
18.661311149597168,1764505820.860737,1005,UNKNOWN,991.0,270,15.0,0.0,-10.0,0.0,0.7,0.05876699190038187
18.762648105621338,1764505820.962074,1000,UAV,672.0,120,10.0,-5.0,-20.0,0.0,0.7999999999999999,0.14909918083152796
18.762648105621338,1764505820.962074,1001,UAV,719.599999999997,150,11.0,-4.0,-21.0,0.0,0.8999999999999999,0.14891784280812917
18.762648105621338,1764505820.962074,1002,UNKNOWN,773.1999999999953,180,12.0,-3.0,-22.0,0.0,0.7,0.10129938448167329
18.762648105621338,1764505820.962074,1003,UAV,832.8000000000034,210,13.0,-2.0,-23.0,0.0,0.7999999999999999,0.0997444811744946
18.762648105621338,1764505820.962074,1004,UAV,898.400000000001,240,14.0,-1.0,-24.0,0.0,0.8999999999999999,0.09523949920136239
18.762648105621338,1764505820.962074,1005,UNKNOWN,991.0,270,15.0,0.0,-10.0,0.0,0.7,0.05876699190038187
18.866271018981934,1764505821.065697,1000,UAV,672.0,120,10.0,-5.0,-20.0,0.0,0.7999999999999999,0.14909918083152796
18.866271018981934,1764505821.065697,1001,UAV,719.599999999997,150,11.0,-4.0,-21.0,0.0,0.8999999999999999,0.14891784280812917
18.866271018981934,1764505821.065697,1002,UNKNOWN,773.1999999999953,180,12.0,-3.0,-22.0,0.0,0.7,0.10129938448167329
18.866271018981934,1764505821.065697,1003,UAV,832.8000000000034,210,13.0,-2.0,-23.0,0.0,0.7999999999999999,0.0997444811744946
18.866271018981934,1764505821.065697,1004,UAV,898.400000000001,240,14.0,-1.0,-24.0,0.0,0.8999999999999999,0.09523949920136239
18.866271018981934,1764505821.065697,1005,UNKNOWN,991.0,270,15.0,0.0,-10.0,0.0,0.7,0.05876699190038187
18.97137689590454,1764505821.1708028,1000,UAV,672.0,120,10.0,-5.0,-20.0,0.0,0.7999999999999999,0.14909918083152796
18.97137689590454,1764505821.1708028,1001,UAV,719.599999999997,150,11.0,-4.0,-21.0,0.0,0.8999999999999999,0.14891784280812917
18.97137689590454,1764505821.1708028,1002,UNKNOWN,773.1999999999953,180,12.0,-3.0,-22.0,0.0,0.7,0.10129938448167329
18.97137689590454,1764505821.1708028,1003,UAV,832.8000000000034,210,13.0,-2.0,-23.0,0.0,0.7999999999999999,0.0997444811744946
18.97137689590454,1764505821.1708028,1004,UAV,898.400000000001,240,14.0,-1.0,-24.0,0.0,0.8999999999999999,0.09523949920136239
18.97137689590454,1764505821.1708028,1005,UNKNOWN,991.0,270,15.0,0.0,-10.0,0.0,0.7,0.05876699190038187
19.072388887405396,1764505821.2718148,1000,UAV,672.0,120,10.0,-5.0,-20.0,0.0,0.7999999999999999,0.14909918083152796
19.072388887405396,1764505821.2718148,1001,UAV,719.599999999997,150,11.0,-4.0,-21.0,0.0,0.8999999999999999,0.14891784280812917
19.072388887405396,1764505821.2718148,1002,UNKNOWN,773.1999999999953,180,12.0,-3.0,-22.0,0.0,0.7,0.10129938448167329
19.072388887405396,1764505821.2718148,1003,UAV,832.8000000000034,210,13.0,-2.0,-23.0,0.0,0.7999999999999999,0.0997444811744946
19.072388887405396,1764505821.2718148,1004,UAV,898.400000000001,240,14.0,-1.0,-24.0,0.0,0.8999999999999999,0.09523949920136239
19.072388887405396,1764505821.2718148,1005,UNKNOWN,991.0,270,15.0,0.0,-10.0,0.0,0.7,0.05876699190038187
19.17749309539795,1764505821.376919,1000,UAV,672.0,120,10.0,-5.0,-20.0,0.0,0.7999999999999999,0.14909918083152796
19.17749309539795,1764505821.376919,1001,UAV,719.599999999997,150,11.0,-4.0,-21.0,0.0,0.8999999999999999,0.14891784280812917
19.17749309539795,1764505821.376919,1002,UNKNOWN,773.1999999999953,180,12.0,-3.0,-22.0,0.0,0.7,0.10129938448167329
19.17749309539795,1764505821.376919,1003,UAV,832.8000000000034,210,13.0,-2.0,-23.0,0.0,0.7999999999999999,0.0997444811744946
19.17749309539795,1764505821.376919,1004,UAV,898.400000000001,240,14.0,-1.0,-24.0,0.0,0.8999999999999999,0.09523949920136239
19.17749309539795,1764505821.376919,1005,UNKNOWN,991.0,270,15.0,0.0,-10.0,0.0,0.7,0.05876699190038187
19.278200149536133,1764505821.477626,1000,UAV,672.0,120,10.0,-5.0,-20.0,0.0,0.7999999999999999,0.14909918083152796
19.278200149536133,1764505821.477626,1001,UAV,719.599999999997,150,11.0,-4.0,-21.0,0.0,0.8999999999999999,0.14891784280812917
19.278200149536133,1764505821.477626,1002,UNKNOWN,773.1999999999953,180,12.0,-3.0,-22.0,0.0,0.7,0.10129938448167329
19.278200149536133,1764505821.477626,1003,UAV,832.8000000000034,210,13.0,-2.0,-23.0,0.0,0.7999999999999999,0.0997444811744946
19.278200149536133,1764505821.477626,1004,UAV,898.400000000001,240,14.0,-1.0,-24.0,0.0,0.8999999999999999,0.09523949920136239
19.278200149536133,1764505821.477626,1005,UNKNOWN,991.0,270,15.0,0.0,-10.0,0.0,0.7,0.05876699190038187
19.38305902481079,1764505821.582485,1000,UAV,672.0,120,10.0,-5.0,-20.0,0.0,0.7999999999999999,0.14909918083152796
19.38305902481079,1764505821.582485,1001,UAV,719.599999999997,150,11.0,-4.0,-21.0,0.0,0.8999999999999999,0.14891784280812917
19.38305902481079,1764505821.582485,1002,UNKNOWN,773.1999999999953,180,12.0,-3.0,-22.0,0.0,0.7,0.10129938448167329
19.38305902481079,1764505821.582485,1003,UAV,832.8000000000034,210,13.0,-2.0,-23.0,0.0,0.7999999999999999,0.0997444811744946
19.38305902481079,1764505821.582485,1004,UAV,898.400000000001,240,14.0,-1.0,-24.0,0.0,0.8999999999999999,0.09523949920136239
19.38305902481079,1764505821.582485,1005,UNKNOWN,991.0,270,15.0,0.0,-10.0,0.0,0.7,0.05876699190038187
19.483335971832275,1764505821.682762,1000,UAV,672.0,120,10.0,-5.0,-20.0,0.0,0.7999999999999999,0.14909918083152796
19.483335971832275,1764505821.682762,1001,UAV,719.599999999997,150,11.0,-4.0,-21.0,0.0,0.8999999999999999,0.14891784280812917
19.483335971832275,1764505821.682762,1002,UNKNOWN,773.1999999999953,180,12.0,-3.0,-22.0,0.0,0.7,0.10129938448167329
19.483335971832275,1764505821.682762,1003,UAV,832.8000000000034,210,13.0,-2.0,-23.0,0.0,0.7999999999999999,0.0997444811744946
19.483335971832275,1764505821.682762,1004,UAV,898.400000000001,240,14.0,-1.0,-24.0,0.0,0.8999999999999999,0.09523949920136239
19.483335971832275,1764505821.682762,1005,UNKNOWN,991.0,270,15.0,0.0,-10.0,0.0,0.7,0.05876699190038187
19.584917068481445,1764505821.784343,1000,UAV,672.0,120,10.0,-5.0,-20.0,0.0,0.7999999999999999,0.14909918083152796
19.584917068481445,1764505821.784343,1001,UAV,719.599999999997,150,11.0,-4.0,-21.0,0.0,0.8999999999999999,0.14891784280812917
19.584917068481445,1764505821.784343,1002,UNKNOWN,773.1999999999953,180,12.0,-3.0,-22.0,0.0,0.7,0.10129938448167329
19.584917068481445,1764505821.784343,1003,UAV,832.8000000000034,210,13.0,-2.0,-23.0,0.0,0.7999999999999999,0.0997444811744946
19.584917068481445,1764505821.784343,1004,UAV,898.400000000001,240,14.0,-1.0,-24.0,0.0,0.8999999999999999,0.09523949920136239
19.584917068481445,1764505821.784343,1005,UNKNOWN,991.0,270,15.0,0.0,-10.0,0.0,0.7,0.05876699190038187
19.690017223358154,1764505821.8894432,1000,UAV,672.0,120,10.0,-5.0,-20.0,0.0,0.7999999999999999,0.14909918083152796
19.690017223358154,1764505821.8894432,1001,UAV,719.599999999997,150,11.0,-4.0,-21.0,0.0,0.8999999999999999,0.14891784280812917
19.690017223358154,1764505821.8894432,1002,UNKNOWN,773.1999999999953,180,12.0,-3.0,-22.0,0.0,0.7,0.10129938448167329
19.690017223358154,1764505821.8894432,1003,UAV,832.8000000000034,210,13.0,-2.0,-23.0,0.0,0.7999999999999999,0.0997444811744946
19.690017223358154,1764505821.8894432,1004,UAV,898.400000000001,240,14.0,-1.0,-24.0,0.0,0.8999999999999999,0.09523949920136239
19.690017223358154,1764505821.8894432,1005,UNKNOWN,991.0,270,15.0,0.0,-10.0,0.0,0.7,0.05876699190038187
19.7951500415802,1764505821.994576,1000,UAV,672.0,120,10.0,-5.0,-20.0,0.0,0.7999999999999999,0.14909918083152796
19.7951500415802,1764505821.994576,1001,UAV,719.599999999997,150,11.0,-4.0,-21.0,0.0,0.8999999999999999,0.14891784280812917
19.7951500415802,1764505821.994576,1002,UNKNOWN,773.1999999999953,180,12.0,-3.0,-22.0,0.0,0.7,0.10129938448167329
19.7951500415802,1764505821.994576,1003,UAV,832.8000000000034,210,13.0,-2.0,-23.0,0.0,0.7999999999999999,0.0997444811744946
19.7951500415802,1764505821.994576,1004,UAV,898.400000000001,240,14.0,-1.0,-24.0,0.0,0.8999999999999999,0.09523949920136239
19.7951500415802,1764505821.994576,1005,UNKNOWN,991.0,270,15.0,0.0,-10.0,0.0,0.7,0.05876699190038187
19.899312019348145,1764505822.098738,1000,UAV,672.0,120,10.0,-5.0,-20.0,0.0,0.7999999999999999,0.14909918083152796
19.899312019348145,1764505822.098738,1001,UAV,719.599999999997,150,11.0,-4.0,-21.0,0.0,0.8999999999999999,0.14891784280812917
19.899312019348145,1764505822.098738,1002,UNKNOWN,773.1999999999953,180,12.0,-3.0,-22.0,0.0,0.7,0.10129938448167329
19.899312019348145,1764505822.098738,1003,UAV,832.8000000000034,210,13.0,-2.0,-23.0,0.0,0.7999999999999999,0.0997444811744946
19.899312019348145,1764505822.098738,1004,UAV,898.400000000001,240,14.0,-1.0,-24.0,0.0,0.8999999999999999,0.09523949920136239
19.899312019348145,1764505822.098738,1005,UNKNOWN,991.0,270,15.0,0.0,-10.0,0.0,0.7,0.05876699190038187
